Indicator_type,data,note
Information,Indicators of compromise from https://news.sophos.com/en-us/2021/09/01/fake-pirated-software-sites-serve-up-malware-droppers-as-a-service/,
domain,centomor.xyz,malvertising tracker site and domain name service
domain,crackfury.com,malware delivery website posing as cracked software repository
domain,cracknew.com,malware delivery website posing as cracked software repository
domain,cyberspc.com,malware delivery website posing as cracked software repository
domain,deferor2z.xyz,malvertising tracker site
domain,dolihost.xyz,malvertising tracker site
domain,earth00.xyz,malvertising tracker site
domain,eroxyhost.xyz,malvertising tracker site
domain,excrack.com,malware delivery website posing as cracked software repository
domain,fiveyear3.club,malvertising link script site
domain,forendde76gn.shop,malvertising tracker site
domain,freewarefiles.xyz,malvertising link script site
domain,frommost8z.xyz,malvertising tracker site
domain,fulproductkey.com,malware delivery website posing as cracked software repository
domain,between3z.xyz,malvertising tracker site
domain,ican3e.club,malvertising tracker site
domain,imy4host.xyz,malvertising tracker site
domain,infringem2ent.xyz,malvertising tracker site
domain,interacti3ve.xyz,malvertising tracker site
domain,introductioel.xyz,malvertising tracker site
domain,iswhy3z.xyz,malvertising tracker site
domain,King-host.xyx,malvertising tracker site
domain,ksergyale.xyz,malvertising tracker site
domain,lectroniccomb.xyz,malvertising tracker site
domain,letcracks.com,malware delivery website posing as cracked software repository
domain,linkforge.xyz,malvertising tracker site
domain,lp2soza865.xyz,malvertising network tracker component
domain,microcodez.xyz,malvertising tracker site
domain,msitsbehe.xyz,malvertising tracker site
domain,mybravo.xyz,malvertising tracker site
domain,newactivators.com,malware delivery website posing as cracked software repository
domain,pccrackbox.com,malware delivery website posing as cracked software repository
domain,pclicensekeys.com,malware delivery website posing as cracked software repository
domain,pcwarezbox.com,malware delivery website posing as cracked software repository
domain,perpetua9ted.xyz,malvertising tracker site
domain,portabledownloads.com,malware delivery website posing as cracked software repository
domain,procrackerz.org,malware delivery website posing as cracked software repository
domain,"pronegsgaz,xyz",malvertising tracker site
domain,Qure-host.xyz,malvertising tracker site
domain,removed8.xyz,malvertising tracker site
domain,rereferrme.xyz,malvertising tracker site
domain,ridzfilez.xyz,malvertising tracker site
domain,servewfr.xyz,malvertising tracker site
domain,shrinkearn.com,malvertising tracker site
domain,sincethe9s.xyz,malvertising tracker site
domain,sometimez.xyz,malvertising tracker site
domain,tersareu.xyz,malvertising tracker site
domain,thatyoucan.website,malvertising tracker site
domain,to3453.club,malvertising tracker site
domain,toyourweb.club,malvertising link script site
domain,ttencomputterl.xyz,malvertising tracker site
domain,ueyctgve.xyz,malvertising link script site
domain,undesirablez.xyz,malvertising link script site
domain,undesirablez.xyz,malvertising tracker site
domain,werenot3.xyz,malvertising tracker site
domain,ybittrhost.xyz,malvertising tracker site
domain,zjnetdownloads.xyz,malvertising tracker site
domain,lp2wuza636.xyz,tracker C2
domain,landing2.installusa.com,tracker C2
domain,mswetshop.xyz,malware tracker site
domain,ybybfkegs.xyz,malvertising link script site
domain,mozense.xyz,malvertising tracker site
domain,hokimxen.xyz,malvertising tracker site
domain,intstallusd.online,DNS and hosting of malware and cracked software sites
domain,procrackserial.com,malware delivery website posing as cracked software repository
domain,ns1.installusd.online,DNS and hosting of malware and cracked software sites
domain,ns2.installusd.online,DNS and hosting of malware and cracked software sites
domain,freeprocrack.co,malware delivery website posing as cracked software repository
domain,licensecrack.com,malware delivery website posing as cracked software repository
domain,xproductkey.co,malware delivery website posing as cracked software repository
domain,piratpc.com,malware delivery website posing as cracked software repository
domain,workingkeys.org,malware delivery website posing as cracked software repository
domain,up4pc.com,malware delivery website posing as cracked software repository
ip,54.215.244.207,malvertising tracker site
ip,13.239.63.240,malware download host
ip,34.212.198.30,malware download host
ip,34.210.186.92,malware download host
ip,34.244.129.177,malware download host
ip,34.244.129.177,malware download host
ip,54.246.133.187,malware download host
ip,18.190.148.98,malware download host
ip,18.190.148.98,malware download host
ip,3.143.56.216,malware download host
ip,3.250.55.204,malware download host
ip,34.238.49.147,malware download host
ip,34.243/214.122,malware download host
ip,52.14.149.0,malware download host
ip,52.87.38.242,malware download host
ip,54.197.205.56,malware download host
ip,54.216.150.57,malware download host
ip,54.72.8.116,malware download host
ip,54.81.249.185,malware download host
domain,a3wella3a.club,malvertising tracker site
ip,18.190.148.98,malware download host
domain,te.ai,malvertising tracker site
domain,serialkeygenpro.com,malware delivery website posing as cracked software repository
domain,fullversionsoft.info,malware delivery website posing as cracked software repository
sha1,82ee489d3988ba03240f9ac40f31789f15ad9fd2,dropper
sha256,600ea1abaa16659aae44009d24e46dc89c0770449b1328682a3b57f7932166ea  ,dropper archive
sha256,4fa9e9395c8f1f78681869aacec7c2ec821b83cb49c0fc56d644460d61c73173  ,dropper archive
sha256,862eaba7cd911878d8ec5704ad840f48baf53b50784d2017802ac5e05df68f11  ,dropper archive
sha256,c0f729e6637aaa7736f6df43a988b6288e0584d833346709fe22a35e68213e44  ,dropper archive
sha256,106710bfd2950867bc67163153a88d0a7764bb56e8ccdb53654327863d336462  ,dropper archive
sha256,a7b8c85f70301311f1ae3a8927105903b3c297fea319ac529cba263f18a05de1  ,dropper archive
sha256,e3450125ec1d7c6c8f5017cc6e5837ffbced84ca7ffaf9775c7ee56d3045df55  ,dropper archive
sha256,418f3e3d1379211e04fac1794a8e19c494c21ee15956ebe0bb581b0d4d470aac  ,dropper archive
sha256,4bb56b580e9a2085c34c4ba9dcf7568337f121efd6f9d295b84d0fda46adbae4  ,dropper archive
sha256,fc02d11d3ad26557b5727ee35f5116100c98fc81d048e8399fa237e33ffd677c  ,dropper archive
sha256,8684c30800252657926078587a5c18e554737de320253b33cb61b00e336ab394  ,dropper archive
sha256,95ce97698da5ffe58ce5edf65ad9aaaee7d2eee2c4f2f3afd72fbfcda9a3f01c  ,dropper archive
sha256,682d2a0b114e1c08b77db31c0632a182ae570db067b5f9130eded2b79538061f  ,dropper archive
sha256,083c10fc16c4e1fa4844dfd6d439b9d00437f8e75b92bf4acec3f6cb91443b70  ,dropper archive
sha256,37d902971dd7fe73e353927a232303d4d8a90398e4a565d9428c168b3b77a39b  ,dropper archive
sha256,7c76d3a0b46b68e4a788ce346ad1dc196cb37333995b29b18d8fe77dc67b5530  ,dropper archive
sha256,397d4444a2430942216449364c5b35b16338ce9f59bd5691177017c69bbf0924  ,dropper archive
sha256,91bbdd647dbe8b05afe52ba9e90139295ca1d43c5af53a40fde16fef50c9e4c1  ,dropper archive
sha256,45c0ab995a1ba4aa4921f1a41f55c75494b4281454bc8441ce49e55455d3b205  ,dropper archive
sha256,1623236990ed2e2903beefd41cf76a518f037974f3393d3c5d4654c1d643422b  ,dropper archive
sha256,4d993cd35e2ae97c6f4c09e6c89f41821e772ec7e0080c78781b28c17f7640c6  ,dropper archive
sha256,028f431d90525ce6fbe182afe4c15768def13031c8b98b39a19663018aedfeb1  ,dropper archive
sha256,c4bd0dd42c0680c0e7dc8f6ed684b695cab2debcea2e7bdc0c854cadfdadb6ea  ,dropper archive
sha256,4af64d454f84617d128620c79bac25e216b1eff0dec53121a3f6389b1af90fd4  ,dropper archive
sha256,e90ddd2d5ffbeb28c550d5fc2d9383bdc35b41e6537ced62c0f237b38373f869  ,dropper archive
sha256,025a3bb7724e33e6472d478a4171d13dc269d47c5543e0db81790fbd770922ef  ,dropper archive
sha256,913fbb54f9e033f65e9ba83468817a3e55670003cdc9ebe896fb5cbe20aee514  ,dropper archive
sha256,f66187db6174f014fe24a6a2a0051bd6aca8f82ea98ee20b4ac700dbbf426dcf  ,dropper archive
sha256,5a438b652fbccc8e10388c1f83fe4868acff3523a46c3b84fe28f024bab1cd31  ,dropper archive
sha256,c6713571b57404e2d0247eb1d8946d61a664f7833a3be54f986931de26846acc  ,dropper archive
sha256,c7972b077cf8b0b9e5f83e24f3f9ceb905d6a11b752fdf2191d4a25da0c40e21  ,dropper archive
sha256,acad18c619047e794e5a9234a3d7e2c44ad763810d6bb63f411d895bc9d8556e  ,dropper archive
sha256,59a2683b79705c25bda7e82377da3df73a70f84b45cc2bb73e4086b1a5d82910  ,dropper archive
sha256,7c244a1599e22ecce1b549b70a70c09d68456ba899af8f03ce56bb2fda9ca1f8  ,dropper archive
sha256,57d964ad27948b3152437ac673c86cb64eb59860287db761767c931d0bd5fded  ,dropper archive
sha256,581c23485561406e7849edd1e7c0b2de44047886d56553375223c25b4987cc56  ,dropper archive
sha256,412189b01ff9a4255866eb9ffc300105c2803f287bb352afea69d607e912c474  ,dropper archive
sha256,2bb41b698af98dedc276c0fa8ed4c47df6e173e5af37e5c8b6a93fec7937b615  ,dropper archive
sha256,dfebfae6c1a54bafe17feebbc1ef859f609520407d06746132c7ddc1defd123e  ,dropper archive
sha256,11f8a554b74d566280a880bb7423d55b52776317940bdb4095cdf33862336b95  ,dropper archive
sha256,664cf3467af716cf530a70abe748a07658f2f832684464fdda33a404f53b3ddf  ,dropper archive
sha256,d07b02d5ca2bb9b15ed63f1cad22cf58ee1728cbdebeeee4e32584f3713f9175  ,dropper archive
sha256,6f7fa39d7fb32fd26d633292d618bb6c613f806c71651b2a2dc75a4188ca3ae6  ,dropper archive
sha256,d83d6991e50c19a705cb3fbdb5fe520b33235106d72383f141534531286ef35d  ,dropper archive
sha256,30d0c5af34ea36baec7125a8616acf474ec1779f0609ae640762fb5fb5dcdada  ,dropper archive
sha256,6dacc38c6e886e352029008c27c73615b555dac86caae941c72870f23bda81e3  ,dropper archive
sha256,d2823235f53d110cae217b740dcba2f0d41f39f2d5abea5bef85aacdbfc8cb18  ,dropper archive
sha256,cdb60a6180721a02859ba2c164b8bf6f2c0b7feebdcf99543c2e8133d6ff6e64  ,dropper archive
sha256,90aacbe81c4d7cf3257739a5a6aba5514f23ed4e8efa47fc88e21701479d0b25  ,dropper archive
sha256,a4795eb239515b77318b9965608fc80c7cbad5f7c38f627862fa5b58a1163325  ,dropper archive
sha256,a95c10987ca9022d6d0e5060fcb3b3c12b68f4af964b52b4fe9556264565c0c8  ,dropper archive
sha256,cf023c62c120b809ab20f39913d636a4c019b67e8abb000e79a77343802d6b9f  ,dropper archive
sha256,830fad17db95300a0ac51812888667ac1adfe600cfd9984879ee2df436bf0992  ,dropper archive
sha256,7705c00e1f007cdce2cf208f1a47d4d91a50ff841673ef33b485e6d0cf022e96  ,dropper archive
sha256,3cae312dfc83083dbf17247f0f5f38d57842968fd0a736e01ba9967391c24458  ,dropper archive
sha256,a01fcb87356b18f39050e5a46916eaaaeec3807dc14b2276b2cfadc9683e3491  ,dropper archive
sha256,b1e46392e333398b486592dab8150bf79e24e9d47101444a7149b364fa654f66  ,dropper archive
sha256,b3f88c64aed27d15877d31356124cb1ef01193f3e1da7903375f8f159f9f5bd8  ,dropper archive
sha256,4f0944758ad9902270d7171ccb57b77ac3b1af01bde45ba0a1f7a67adba17c43  ,dropper archive
sha256,95bd36283b8d39aea4ac61019cf2aab83f4ee538214791617272e87ab6d1191f  ,dropper archive
sha256,59a9c18c73ddc7844a8650a8331a227ecb2e2c4901b8c050ce5588ff80e15637  ,dropper archive
sha256,83298bbf59ea6ba1c072f84a9cd5fab02fdff23b8f177e3ac341bba5148561db  ,dropper archive
sha256,364eeb13ae62bc7bb6097b1000aeffdc1406211ad8c447fb401084b96128cdb4  ,dropper archive
sha256,e132ccb48c3cece045aad4f160691043a85c15e139aed0de67408e9da11f8204  ,dropper archive
sha256,58f9013d82e1038e83ad5da86b82fa382c1bbe7cceab033551a1f5d6bc544290  ,dropper archive
sha256,d1c14665a3831512726466a6baedf86737206ab9dcaac95ad70c1d04c01dd676  ,dropper archive
sha256,dabbd2ee0cd1211ee55e84100886f81fd9c8689cf633785521a3e3928b588020  ,dropper archive
sha256,462285c116afa168d7b551c7c4c8fefb5dadd36946b43ea58002cda3ea83c0ec  ,dropper archive
sha256,00a45a2b009a2bb406640ee8a47cbc6186fe1b749f287317a1cb60c9d058f4cf  ,dropper archive
sha256,7cd82c17bc78a8b81c26cc22881e2cd30b8b22fb002d8d17d8c99ebbcd319b18  ,dropper archive
sha256,a40b4fb949d27de70e375573e0a54aa059cbaababce4d0a08746844afaaa9bde  ,dropper archive
sha256,d6f6bdea854c7b0005a2d720f77eb5b451eaf930e328d75477bb4a591f7cd574  ,dropper archive
sha256,bca72be5dc6527affba4c2f4068cfd80ae8d3dee342d0fde58dd9e44f4d8cf70  ,dropper archive
sha256,2d11dff715d950fe083eb714e8814f841ee62bedc9daaaa5f014fd2648897241  ,dropper archive
sha256,525690c331ea9ba342cb60765f883e970b1319cb5231a31422be6b2f1f9ea40e  ,dropper archive
sha256,d96c1d4cd11fc1270062e3c98efbdccdb3cf87cb88d5a79c8393435b32e478ef  ,dropper archive
sha256,e5b20d00a73b9f2dcd87a3d66fe0f20b40437788b419467c7956d5e1f19f8dba  ,dropper archive
sha256,92cee8085d226c97cf28f47a5cebaae81631b6fe2c3ec4fc2337563ae8f85450  ,dropper archive
sha256,d235fbbbe8a782c3d48793d237383143c4522e9a576d7da34eeab03fa38ec8f8  ,dropper archive
sha256,54ed13d754954300d99590567dc555d34583fdad667bf4a8adaf63b59d12c036  ,dropper archive
sha256,797dbb3176d8e6fea332f9e18f3f76fd9edcdf7b2e1aa43f9fe7b6459ee2fa41  ,dropper archive
sha256,51b7d4ddd3a3603efba7bbd9dcdae154f65c2e4c2c48fae0b519419b602e2811  ,dropper archive
sha256,fceab48b9e2138aa2bf3b33bc50044b0ac1907842116d991d65a20bd89c0b17e  ,dropper archive
sha256,ea23ad45a647d1ddd0585a7cf12f71fa97d8f937215866e23b5f4b2c55a436a8  ,dropper archive
sha256,54a9acb5227ad18e2a3c21de6ac4de20e6f8fdb93358abcd440affe48c103dfe  ,dropper archive
sha256,f46b5c0d55df211343fd602a4b4da2dec5659268fb0d7bbfd10ed6a1d42756e0  ,dropper archive
sha256,9da7570bb6b4b976b3dab4738c4658a93de87f8a96bce238d041195748ad2624  ,dropper archive
sha256,6c494901aff6674c257ba848637fc997c7423ca99784d3ef86f3331185e5c6ca  ,dropper archive
sha256,cedaa1b285ca039378094420b5bd1dc0b797e83bb9129820c2535c23ea5b2858  ,dropper archive
sha256,b402a4c1006a06cacef05e36b420535e73ef0e0a1812da33776eb27910ed566d  ,dropper archive
sha256,7fbd9860be39f7ea15c41d69dd45c5a3f9bd5e8dac363607f9c72d4b0cc05618  ,dropper archive
sha256,a4795eb239515b77318b9965608fc80c7cbad5f7c38f627862fa5b58a1163325  ,dropper archive
sha256,e2187c055c20cfb6815e3bd95c4309b1a7f038c1c5a2bfc5b9c1e80e8c05e44f  ,dropper archive
sha256,de3082295b48ee18c888287ba3067edca48b199377369e6a615861d1e8401191  ,dropper archive
sha256,39e9d9e3bbade526b5a51845d4bd4255e8ae3272a90ecd0acb7013aaf36bdf1f  ,dropper archive
sha256,1f46fed1f570b861fa6ac4a0dec2aa4c36d3a518edc9684f430c0eac3ef312fc  ,dropper archive
sha256,ee4843e1a27eafbc736e10a80d70125d42bb10e6e91235c10760e12d372e7e65  ,dropper archive
sha256,3f66db5af09f12bc68c71c9defecf852b56db4a1ab262119fc602006514bfe1f  ,dropper archive
sha256,867c5cafd81072268ad6ad83ba1812dbf176388930d139c7bc6bed2465aa415a  ,dropper archive
sha256,caa350129c2d0ca200dead2ad621e8c91115315ba81f55e9a28a23139f4f6973  ,dropper archive
sha256,1cd107a7b35d9c81fd7c7eaae81dedd87a44f3428045561d7ac17c776c9d14dd  ,dropper archive
sha256,23fd8ac9b47318bcd4171636277d62743a8b3dc414cce9a3507f011fa25675a7  ,dropper archive
sha256,5813da7dba0162593322a77a3b4a8e7f91453d94925d64f22b4e1f01f84313af  ,dropper archive
sha256,aa1e419dcdc57d0d153dabec1812f8c867675491209372abc6dc83a982156874  ,dropper archive
sha256,c8326586821666a94d1824aa83bc908172fc56e86a7c829759c44b7cbc8ec93e  ,dropper archive
sha256,933e3a40bdcabc9e382194300c4012785b1c8109a57b52e6555291379b68bc9d  ,dropper archive
sha256,480692e01f7106d312c82d3f53daecb693d7f3b272559671ad2628d8cf5cc75f  ,dropper archive
sha256,8cef3e26d4709b13fbdc5da1c6868b0703956587c6825dc90d1d29d0d0f28fa7  ,dropper archive
sha256,f1639cf22cb5b200ac2c6a057371f0df5d66d75954791e9744a91038204f4f99  ,dropper archive
sha256,008fde80e9323318a6bb52de0f43ceedbfd0eece05ff78baf95f08eca230cc60  ,dropper archive
sha256,be93026a6a8fc284ae87f5b9b506c0b0d3b43ff5fd2ae64e0138a4464e912ec4  ,dropper archive
sha256,ab34cfd47a2cd905bb5c687c09df7571cedc184ddb2104ea1b13e99c1b9c1380  ,dropper archive
sha256,9a84179c0c658b947d59f31620bb37bebbdff42c7e2633fa974be83c6a33de6c  ,dropper archive
sha256,7f7dfda7f1ed4710e3ea488f8368d238d4aaa3e4bbcd7867e4c5fbed3f866d0b  ,dropper archive
sha256,bbf05b412307b95f2904a8d5c659f77d2ea36da5e5c003ad559f264ecfc1fc81  ,dropper archive
sha256,1640acd39d894938c1b8fe8d24867ef254d80cc09b0856ab55a960b68dbd3e4a  ,dropper archive
sha256,e14e6ac0f20d2b222b5e5eecf98b8173e177982ce3af91f551e582925ca2888e  ,dropper archive
sha256,d6e4737496760d92ab8874b8da55433a1bcacbfa78e13e9c25376aa680f70a5d  ,dropper archive
sha256,b41ace7c78e61cf96a2f8f57a5f8a579bd02a3a46eeb4905b373c7c7b4f1b074  ,dropper archive
sha256,1036281016dc4ad10056d861fc3bdc4bfdb829850c5fabf501208ca8ea24f460  ,dropper archive
sha256,9824ffa5fe1b5f3c8bc5969d8094fd3854e0b7dcc26a34b2a2e90c1a5bc62d80  ,dropper archive
sha256,421fb5172d01646418cd7ad45bb332955a8e50296c0f84972d6dba9c7d9366b5  ,dropper archive
sha256,d0560801f21de62ac34029a9b03aa70c01c0021d714321441da62ecca5040f46  ,dropper archive
sha256,5865744d4f7a84f74f6eff884468a1b5a707a487170d700dbe0210bf43f5e4c1  ,dropper archive
sha256,cce12e1076e788aa6db1a4b553519d2bd10e18d4dd3d3dfe9a72025aa29a6ec6  ,dropper archive
sha256,e61fae1f3d83da8dcd69c4a22f88de54a9d63c51c3cf6b016fd451181f55798a  ,dropper archive
sha256,28d9714aace3c72cb3461794bea071a36526f4ff781af7c0b81c180602cac724  ,dropper archive
sha256,8303f3d3e3c9ce26978e7be88a7cdcb744f1654d9797d2fcd3ac953abfca9092  ,dropper archive
sha256,fa9d7cb39b682cfec8958619ea19cf62715ebffb9ce61015ee78e4bc7e6c5a89  ,dropper archive
sha256,54e6fc53c90871c4d03064f08061263de7c1b1c8bb865b78ca50e225d0f21b9a  ,dropper archive
sha256,c34a1f9b5c1fd31ebc7fec0593b5613912458dae5962d1dce894b5ca99e2c973  ,dropper archive
sha256,4b4f0e5e12e8961f2c59801555b01d3c8e89100ee0ebbef132e0d013c4b25dc7  ,dropper archive
sha256,81e2b6a2a18b9fa33b578d7e24eeab61a8dc521157703629080aa26d150b350a  ,dropper archive
sha256,69b78c0d649357ac0d6b4ca6edd7f3cb7574086b5db45f450b2998f9fb81595d  ,dropper archive
sha256,5a798c394629bdc80c75a093674c6266376802dd02a8775309780c391e74e6be  ,dropper archive
sha256,b8b4a959fae8fa79ef8aec8311933b5963710ec56436d7840793e725ba76c724  ,dropper archive
sha256,152fc3dba4d81113990099f333e9a50f0e1efba5e744f0b5ca37ec9788e39843  ,dropper archive
sha256,6ff6a6bc3723a05118cbee4ceaad17342fd604c5b015f410773c248dfa860ccb  ,dropper archive
sha256,9889e889ca42e08a002b2c0ab59d1945689cd35a628c8e9b7d9c955febed1117  ,dropper archive
sha256,b3ca233e75ce8d040fdc3e45255c6a1e6c293a1edd077fef37561db6131d1589  ,dropper archive
sha256,5eb9d0deece41f45e01deb95d81999b6f2fa83e551a70f662d630449e1e5bd87  ,dropper archive
sha256,739e50b275c0209c4b881e53f678a675f2971696afb622746ea3c1d34983bf8a  ,dropper archive
sha256,a34e49b028edcae8324ec2fb76ee7dc49ebf892e7b569974c064f0262df81722  ,dropper archive
sha256,1c6a9bcb18bbbb5d98795722ad2156e08e9495ba607c488e0047c9f49ea0603a  ,dropper archive
sha256,538523cf71a328f9cf0a5d7590ddc0724f5c2a3065bd028144ad4feb80d986b1  ,dropper archive
sha256,2aabbfaad013a7dfef260b92bbe8c2f34b07324bc56738be831a3e43c2e57fd4  ,dropper archive
sha256,d235fbbbe8a782c3d48793d237383143c4522e9a576d7da34eeab03fa38ec8f8  ,dropper archive
sha256,781f2f92076a825ea6a69afb7ae83bade7d202c5991201995dc0783976481f30  ,dropper archive
sha256,ed50718506300fc1e1f496afd7c5f097f6a2b0ca75a7ff47a1fb1741670ba918  ,dropper archive
sha256,007b6e51346e0d71eb62119ca06ba065ce98301b8c4fb55eda06608093e6b300  ,dropper archive
sha256,648494d5f0a87d7fa61465eb869c9e1b8a096a928c3067afcd18cb19d8bcdf89  ,dropper archive
sha256,e9e3d7fbf5f2befa7d1cde8ace19551773118c613c209ab79be2a4634f5a7915  ,dropper archive
sha256,4abc39dd6a5efb6a080c0752ae613ffc9445380ec7c6dacf19d2d57ecb103a08  ,dropper archive
sha256,35b9670543cbe1e89b6c0aaf3e07e150c6fa9a05d9dccd7c1c4284f9f1fbce56  ,dropper archive
sha256,2a41b3ba7d2dc5209717dabc6c584a0b8efa4deb37e94126b310e2baaa73aca3  ,dropper archive
sha256,67591ebc3a46ef666af57c3ec3df407f159436393b5e7a572bc9b552dbfca82a  ,dropper archive
sha256,2fa01c32f0582380f037d725b0cf338209bf7eab81a311e6f5c414ce514e8650  ,dropper archive
sha256,bb3051ead1ff14df7f8015f6830fa85140b406485089a5804f51ed8fb25405a1  ,dropper archive
sha256,d7df47aef8866a242664c7cbde91e1ff0d1fd1cd1f3dcf80c3c447720c27dc90  ,dropper archive
sha256,c0615cb601a755e8a2b808830640c45a6f9fa79ec39174e0a883cbc41d593361  ,dropper archive
sha256,db00f1d8c6264896f15139babf4dbf40e576e5a8d2ce0489e6a9f040915a96de  ,dropper archive
sha256,5d3a95c42388346bbf4f913924dab853c9498e2aba386505ce252527c97255c0  ,dropper archive
sha256,f1510440df3ecbbfac543020d935a90ff8d37e63b9ad386484b4ed39693b953e  ,dropper archive
sha256,84a94e9f9577f228ff0005e5ad6f0dd281575aac9725790904ab1b503717491e  ,dropper archive
sha256,6e773b6d258081fa74f8e21b4546d72072278f5993fc64869d2ebd3c97a90f8a  ,dropper archive
sha256,7e0097dbdc40a42bd8ecada2c9f88064365d29af611b0c20a1590545cb5d10a0  ,dropper archive
sha256,3df8b51f0f4e3f5014bfbaf5a4a488941a70e283139d52469b2f586860e7c1e4  ,dropper archive
sha256,e2bf636ea4ae0915d1c7fc118faf186f17a0fe85e09cac6855635848f1985ed3  ,dropper archive
sha256,a328889392b112b1b1ebd7f4180db6836daa8d429b29d7cf003078a8a92ba994  ,dropper archive
sha256,07db6eff7e43b21ed78db45babba66475e3de642895cd713cda29fe9e2beed2f  ,dropper archive
sha256,4f25e73cadabe7dbfdc5224b87d7a1eb0b166b8f10db67c1b9cd7413ed67c8c6  ,dropper archive
sha256,8cb6211541ca35b509bd95229e1b8c4e857a0f7053f9e04a9787accb736b661c  ,dropper archive
sha256,11331a07ab278f9ea58e0cb49a538eebb587962db4700500c8e68ec7dc84b48a  ,dropper archive
sha256,19a30867d67554b6ad522bce7d1fff230282c3a78f507207e58a43392e32106e  ,dropper archive
sha256,fcf8b52f1e56a18f7952f90919995dc502ffc92a64127b768afb8bd9f82cfebd  ,dropper archive
sha256,6737dd1c6671e15dd7a48bf4fab19770a8e6723c9fa8da96fcb0638467dda261  ,dropper archive
sha256,ecd5262d835a8780b61801839c6b71e653b2c27c50d3734f8c68c88f2d594878  ,dropper archive
sha256,88cd6d87936ee468a1ea098b116712a37024343e28e5877d30a3d03da28e8d34  ,dropper archive
sha256,b75aac569a8cee76ebe529576af9c7c218e8d5df39efabd48d8aa4605aaa69ec  ,dropper archive
sha256,84e713151c3dba174a92f17a48bac0ea316c6cb159da191c8594502577ac9d63  ,dropper archive
sha256,6b6125972a2ddbe9129a677f278a4508a3d89afca567d2493c2932855fde4265  ,dropper archive
sha256,9ed6d5d7bc769a798436bfb9255c44dc8a2826a0a912fc3c4f92c799494fc089  ,dropper archive
sha256,b9a7ccfb0d8e55a464aa9c82b15c8b0c9493b0bbad0f270b06e0e004625103ab  ,dropper archive
sha256,57208c699311bcc52750f03d65844bf92e5703124934011e6ac15047c7b8b329  ,dropper archive
sha256,73276f8ce5e99338bc53a4d7c1200d4227759f171649d80b7b6d9fce4575a138  ,dropper archive
sha256,967cdb36152f46096dc4bd662e708685c715a5ce43b057e68249488d843a1c87  ,dropper archive
sha256,c0f9cb67376737e5914af3a784b5a3a23a1566c8ef06266358e5cbaadde4294f  ,dropper archive
sha256,477e2174a7203301d81fb2ff28660e3d57268c8e869430e5a53c86f3de2e242f  ,dropper archive
sha256,a63c1eabbaf9aa54b94ee631276f97d759525e38777c15f33b8f9b1df75dbb77  ,dropper archive
sha256,3b1175110c1a70e1eca8fa1301204185a10db621d765c88b476e72edeb3a1c8f  ,dropper archive
sha256,cbee85204086176bae5907d7faa2a578b5b52fa2ac3e08812db53fa3acf8723e  ,dropper archive
sha256,b9e075f8316928979a2a45c7b1a5091bc02ac56311d4d84f20965f3fa3a9a44b  ,dropper archive
sha256,be93026a6a8fc284ae87f5b9b506c0b0d3b43ff5fd2ae64e0138a4464e912ec4  ,dropper archive
sha256,62bbe09d6c6d7e25aa521c23c7942536128ce8b8a6c46a58dbd7f0c97a83e4b6  ,dropper archive
sha256,4e7f3658e9257bebeb585225536f1ac61125225dabeec98644360df138e54626  ,dropper archive
sha256,31ced559441a318531b6ca6adb40a2017c40217eca1fffc4b1ec6773ec015153  ,dropper archive
sha256,1131227081218cccec1d7470b6bdace9276d4ef0428a9b5117d59ab07a3707b5  ,dropper archive
sha256,9ac9637c5d766d52733b97d78495f66a0d4988cacde7abef474d358285867906  ,dropper archive
sha256,3f32740eafbea99c1d8f01c33db9986991bdcb1fb23a9922017a2a0e81204ded  ,dropper archive
sha256,09b98df4b128e84f5817df25977dcfe3fd6abb11d8651dd9353d51016a327e4b  ,dropper archive
sha256,88cc707ebc5850595499656d7cc1e58b03d9ef755c2095c1faa442acfb35458d  ,dropper archive
sha256,685b8e4520537badf025f05cda867e84eca447f35253f6bcb1e76d5575a516ed  ,dropper archive
sha256,c04848823e4a138211dec201942af631059df5900db1ae0728be5d0801e71608  ,dropper archive
sha256,5faa0d1c44a61a5cca1e55b41e37e391e901cd2355e64fd11cc9f627a93b3c4c  ,dropper archive
sha256,d235fbbbe8a782c3d48793d237383143c4522e9a576d7da34eeab03fa38ec8f8  ,dropper archive
sha256,781f2f92076a825ea6a69afb7ae83bade7d202c5991201995dc0783976481f30  ,dropper archive
sha256,2aabbfaad013a7dfef260b92bbe8c2f34b07324bc56738be831a3e43c2e57fd4  ,dropper archive
sha256,73072b2cd2de69c6d4825da1a7b1d0ccb06038303209d005258ea94cb7888970  ,dropper archive
sha256,5d32b536c9a45644fc597ae0d74970bef810d0722734e92bd056d6e1d45199b1  ,dropper archive
sha256,91a5227f3140db8b4d8ce271547935c6e7f8712d80902e41edd53d202c7c3505  ,dropper archive
sha256,cabbeedbca32426c7f1424ca27841df77d76e51c92871dc9658301360ad11a8c  ,dropper archive
sha256,00de848a2d558d053f7f3a461a64b2b1d91edb6500be995ed6b31f30d1a25b18  ,dropper archive
sha256,db4a968d1a2b17dd4d41cc37f48f87fa7480a7e04cab24dbaa6a8da977409f2f  ,dropper archive
sha256,4466d30ffef7929876dde9cf6a9b0c8de398c7d0baae2664ff47c68ba71452a0  ,dropper archive
sha256,76b714b90c6bf92717d6453e4873928503351bf52bcbdff596c65d96f42f555a  ,dropper archive
sha256,ae93d739bcc841d47c7f3c1502310b0f773b7f0f4d6baf3f73785370d7aa69de  ,dropper archive
sha256,1c83ba38130b1640c2e48b376b3571e31792403d92fe4a0c46b2561f42b87295  ,dropper archive
sha256,4a9009a08e5a20d5b16767f9222275fd1d7c21652805078c34c295297821b61d  ,dropper archive
sha256,5ce465753b5a385448628c194e4c04ef96f33005d2078126178df22e5429e203  ,dropper archive
sha256,6271cd805df994734066e3ad64c3e159b68d8a1f6be5cb4b3d8136f277b40060  ,dropper archive
sha256,9a9a81a2e1f43405599fed77f2c4806b5078a82c142df1a51259b6f9a589ca9e,dropper archive
sha256,1e27fab54a6574b363a504d8d7a44fb1c47ab498a2be1f7eac6a8d8a0159a6a6,dropper archive
sha256,be2800e91dbc8e2f16c0eea32d07f873d226bc95eac9204fc48d6ab828413bb4,dropper archive
sha256,f0e74fa3e372b89f0b447106753e7fa42f24d1108112a4d7ada9a344e5dcf88d,dropper archive
sha256,22f847b8d67ceb5a646ea0d249d394df72eb940f4e19963fcebe3fd8068b5201,dropper archive
sha256,3ffcf2e8c3cd8c975dbddda87ba003a7de67eaa43ceffd4143295c41f1154cee,dropper archive
sha256,6c241417be10c2b1a9541e8ff29dc645adfc72cf694bf1ef89638f39b8bc20ac,dropper archive
sha256,9a950508f7f7bea6759d138e78d10eab4bc4fe597746799149fde8725202a20e,dropper archive
sha256,20151fe5340880ec24aff02822f0d9782ace8d8ba2c1c852cc3520b994ed0d4a,dropper archive
sha256,5d6d16043a21ea39c6e358b3b9ce42d8ac7b9c9d0c1c0f9a0f695d6037a13e4d,dropper archive
sha256,b81cd10a7e1897e66d556e825a916cc50c2051e9e21312225d4fccf688667d63,dropper archive
sha256,3a8ba61b0dfed72e141801d5438ae892219a7e6bccdf4bf25914daec18efa7cb,dropper archive
sha256,992df8e88d3724050761fe5ebd8c8c592798786f9ed0dafb8b97e43bb601aa1b,dropper archive
sha256,560103c573e664b39afda453dd7f0e0f43c7db86569ca982f15dccfcdd222665,dropper archive
sha256,e8ce647e67f67fe2ecf4101d2c95345bd67682be46eb3373dc3400ec4d023f89,dropper archive
sha256,637cc9392b8ba9d491daf2695a8268ebfd1d0c8604fc2b2f4c03c8eb77701cd4,dropper archive
sha256,59be99240980076ffbef61bf75e78ddd8ff8ef8d3b92aa85f6d67803210700f3,dropper archive
sha256,ceeed6bcc2bb6143ed598a66093dcf75f82f56a4318a6e71a14b27d5b175a30b,dropper archive
sha256,65ae1ed5657161c96289f2cb2b99f2e143008020472fe787ebc5e9e635c19751,dropper archive
sha256,7af8d591550d2dd993ca8b2b3c98320d1003da16db44982267cbd2791e8d593f,dropper archive
sha256,2ec1903694ca386bcc8e86236bcc4ca4047cfd8438399b4f2c3954195c276201,dropper archive
sha256,6ef343b3c4d7de974e6c289fb51102f0bbc708372d1341ea62afdc0f12561948,dropper archive
sha256,fe8678bc5bfa455341bbf3b6804ef643b5c1ac00508fb4e33a19d0446389159c,dropper archive
sha256,0f877affe194a4ddfcad31dac30eea2d0fe3614b7a74daf51a24bbb0feef788d,dropper archive
sha256,38e50d56a593f043c4c57e8cadc57cd3a07d75949d0a74700b51a00fdece073d,dropper archive
sha256,3e76b8cc1283aa954e45c2533aafcbbe991ff4672a6054e0f38c1549733e31c8,dropper archive
sha256,cdf9f0c92cb7b1eda981f5e6d0ce8b2db896a2143c8341d8fa98f1b792b23528,dropper archive
sha256,d7b81225e6f58ce535f1bf2b3f1dedd8331ff6a3a889c9400d3395b6b5164696,dropper archive
sha256,9c89190be5fa88173f5ee707c75bb03718b7fa6337d2dcafb19398a79493e766,dropper archive
sha256,1cb61210727db1880e15d6abe702892e5b6ed1ab5f257944fdb33c0d099bee41,dropper archive
sha256,3c15260fbb730c93a1203b778bca20b994162e383154fcfda40e8227d52d98e4,dropper archive
sha256,ee21216e5081b2baa65e26bee0ba461afada440c1ffa4b20f1c3d101f48e0dae,dropper archive
sha256,131ba1abd429397894df2bc3677469acc936753ab0111ca4e73130588e0577ba,dropper archive
sha256,83e1b657beb4454342f19cb5cf75974edb4662cd4fe014687519d7f9b6348b44,dropper archive
sha256,e99c00ac0a43d9d76c194c8d0c327dc17fb5dafa837ae1583fd5357927ed4ccd,dropper archive
sha256,3b81181938d89f133dd30bbae3287c4c2d7fa06cc2a838c907ea7c79a986d0d0,dropper archive
sha256,3d12110ca7847155bbc651ce4d78ddb9633b70143837998f60c55483fe74965a,dropper archive
sha256,c89273d480c4a52b3860b71dc2332586f9f51fcabce8b59344f92bd8f23f9f15,dropper archive
sha256,32f084047a1de8126d68ee58823a6bd42a55684302fac85dbc5ed93b65428754,dropper archive
sha256,1592f6271e57b25f64e568b609b0745831842a8ec6af159221b743c6985872b9,dropper archive
sha256,90a6f8996a345b6959832f4f5208c7724c9726413fea68d6104ed82e22f88a11,dropper archive
sha256,e06342bed3f339fcf749ed5c10d9aaf76377d3dcc7664b184e827655f0c720e0,dropper archive
sha256,8d75e69889e8f537fb8b8c2c3480212dc18d80eee34d3c632b358b11af046acf,dropper archive
sha256,46add9a680c7e832c2547b7abd1ec5be7bee1971ea082190f8e0687918f4d7b1,dropper archive
sha256,1d882c9b97c9f3d32460ba65203abd00d3409607def40ff73645e36c0f250d0c,dropper archive
sha256,82a0eebea2736e6b12a47a2aa0693874e992b482a69f7d758142c376e350d3ff,dropper archive
sha256,4e94ec8f64256bedce54f5ab43c00318032bdab2747f9ac97837a7890779d223,dropper archive
sha256,b9b6f621d0b13f25f100317be4e4d8521a2563c4598b828277faa33ffb02d9ad,dropper archive
sha256,1439c77573ba429adc5ed17301799c8e53bc181daa8cd35fec54376a5fc418f6,dropper archive
sha256,3dc7d11b52edd9fc64afa9762009201bd24031e2342326966aef05a0f3369b2f,dropper archive
sha256,a455817c36f03f7e03d66b5ee8a55dd2202f3c104083122c62b3ba30c5d76f1e,dropper archive
sha256,300c71dab0b6fb2583f887a54a24111d5a227e97cfdf3d2b25b982fdb2883e32,dropper archive
sha256,3d06d928d08027e18a9d1326e807800f27bbb88517070d0b51e2864ad4dfd996,dropper archive
sha256,162c42e33bdd67d7f43ff95ec07e53ea1d6a26515c40a73a7a31fbbd646ac6c0,dropper archive
sha256,23eef597c072037ad0d7c9bb1fe1206feabb6c1dae9cb1bd6759bfc2be58b7a8,dropper archive
sha256,1c488fd993e8b1f6eca055917526eefc19faddcc870852bb642580780ea0c393,dropper archive
sha256,2187e4e3b5fc09694739c1c25d25057d3144d683dedd40a207d76d1b4f165864,dropper archive
sha256,615802df817a9d0edabd149b81ab0bc5a19e553c2c3dca16cf53c5856fc9d76a,dropper archive
sha256,1a6af324d136bf7bfe5c17031b46fa0783c8cbc566d1a7c1826b977c7f5602ea,dropper archive
sha256,c941af8a345438e64440a30d900b5ae1173063241d88f1f6b9bb9b674e4fb347,dropper archive
sha256,48061e6be67a3c5256387f75b4c649d7eb46eee812ab448a6f60382f34d1c30a,dropper archive
sha256,310b56c63360cb565dae317654762972b1991a41de82ec9ff2d544f3147cc2bc,dropper archive
sha256,ef121c335eeb7e85586c12edc67b8dc48f8fb34a5fb6638b17953acfe771df3a,dropper archive
sha256,88bda69599257ab98eeb32b916aeda0114851b7258e01a21467e9faddb75fcc7,dropper archive
sha256,c3e15ce4cfa0ce31a8e7b56a84b7312b3a8386853747a3ab8a38892fcfd5dfa8,dropper archive
sha256,cc9a8487a89e97832049a9d6e1776d0c8f8d39845c385bc855d8a2583ceb10d7,dropper archive
sha256,a3acbecd158e48fdb2d79fdef34366bb5486aad79add13e6912521bdea1affff,dropper archive
sha256,a95df4f63dffbe2412902cf22eb2f07bcac0e1c26e99ca5163592489f4bde302,dropper archive
sha256,5624976e0e164456befcc9b4886b29cce145629a6e725395d939046f4967324c,dropper archive
sha256,e6308bf6626cd0de716df0df871f299f90a911658afc7c5013d4f2935a6fe688,dropper archive
sha256,c5954b57914fc7f6e9c1395c60b91da64e59588e66d74e7e6cffc44441d52eaf,dropper archive
sha256,87df329eb9c06794a7d60b4bbb65379639ca4f45698c3f7a7b738f75f13dbad6,dropper archive
sha256,76396e400a5129306b42b94093e2594817b3ae954cfd833d7770cccc17fca1a9,dropper archive
sha256,1ed430429a5373afa737e9453a3a944b5b2c0d213bc0ff5420c445e7c4962582,dropper archive
sha256,be7e72a86628ed34c7d454f48bdb45e6c0bb61f96f32f06dd6cb1753388aca5d,dropper archive
sha256,aa93ac2d7166d203be6bee3134b42e22904f282cf6dc2ac4c07626a37bbc401e,dropper archive
sha256,2d79423f3e5449ecbd0d92ebb1f70976080958582477661d0e2fc550f5cbf49b,dropper archive
sha256,25f176c98af61c80a8832009948bb7135b36c805c5f0a19c0d8b65cdc00a6379,dropper archive
sha256,0a45deadd8ef4d9d1d9121950c4c57ab3bae58b9ccb779685800abdc9406c212,dropper archive
sha256,fb5bc43b7a935450c86a56e9fea21d145dc6a31acd25202b0be699d31545bc74,dropper archive
sha256,dc7aabb81f57645d7d8ff77065ebca7e6c29de6fa1ece6e7301073bee4964af4,dropper archive
sha256,4b7caa43bbff7ee59d3f2259f53f2f12e5c7abde9ef22f9a15441ca455dbfdbc,dropper archive
sha256,8d7639854930e1bfb68f523877b893a1daf11d4f1d0d6e18930547887337ac31,dropper archive
sha256,28638a5a0ecc80da6a8c9b85b9f3cb5e4b2da013c9d092bc890658eb2254d7ee,dropper archive
sha256,8d3d9a2ce19d1ba2f9724512e34c748b3707ca9f61f57409a0806d20500e3481,dropper archive
sha256,793d09ad2a05ea3649602cff8e013db97d02bf0dfdac48abe9f47bfada3ad045,dropper archive
sha256,53173c87fed3e894e2e0dda15ad55c8a393047c9d7438bb590a664c875ac00de,dropper archive
sha256,e98d28f38f6e4cceb13d92d0754ac1f5654f501cfe40c272f704c7fcc4190ccf,dropper archive
sha256,e133436b6e4259ce47fe984bf9a9498bc0710cb4d8111d52d1e6c4ea1b920cba,dropper archive
sha256,9940de7cb65969d42db586f15de713c097ba2850aa7c854e59cbed1616dc0c7e,dropper archive
sha256,4791d7d1c8ed4ffaa687b0bb8f0011bc4374bed2623b247295fd5f71446233e1,dropper archive
sha256,b88b314bc61ae79ecfb4cc1de7f1e0171a07e68776c5dbbafb772a57beb7a1a0,dropper archive
sha256,fc1b1fadc0e366706365e9b41ef087d618d99c0ecb92fbb4444adc11a029cb46,dropper archive
sha256,55448f54f762b6ff75635cba0505580e78a5e12ef860782a7e257cdcdeb34b50,dropper archive
sha256,ab0aa88d784197209957a9a8bede5748e09e9b85cac1af31deed251dcbf49188,dropper archive
sha256,1caf2bf566d5e6ee1fdee1088a36ee846f16b85936b13e08457777c669186382,dropper archive
sha256,05e8830963ff17950edb110c27adb3a23fdf9a78ac8bdf496df103ddc2703666,dropper archive
sha256,51304674a01c8de31bc7c9907f42339e528fda4a84f30ce752f1186cca6925fb,dropper archive
sha256,548644eaa9f6ab20ce7d9b41b9ddb5d8af9da1cdff85e957d7c4a72bf8a8680b,dropper archive
sha256,ce8fae9987c3af36265f60a59c902f681f173ae72bb7b08b58a640cc75832bfb,dropper archive
sha256,2f0b0ad940d8b0daa668214ad574c67784d24f326bc7a0af5ac0de6ab91f9002,dropper archive
sha256,ef2be6b579e5267fff119b963203f4adc457e38dc7be2e2fdfea11ee2be21236,dropper archive
sha256,511dabad7e1719185d512313e42f93fa931323bb51db9236e3dadf808f193986,dropper archive
sha256,609e87179a178dc167aea150d24291fdc198d9c04189bd847f246dddf8885739,dropper archive
sha256,3470a21212c81ed4afb8ee694e4b17a9c1a46cc31b56972b0c66d851ecf6a831,dropper archive
sha256,6a8a1db9b3747cabe63bd004acd761865ab6efc1ad65ef2906d9b862f7cf8905,dropper archive
sha256,621dda1196d55d74716ed63b0e512cc78d76d371f097e7d7ea93e08586d24524,dropper archive
sha256,0dad8fc299bbbf1a5cf0faa5ca24d934f301dfba6be5805679595f1bc00f6465,dropper archive
sha256,dce9a67f59031da8cf85bb2875c95d3fb2f5a657948e46dcf8341b5986aa52de,dropper archive
sha256,e78c4a3817329fa5d3685331374d0c12c3bc257348b4cd6f46ea71386985bbf0,dropper archive
sha256,0a315d6b87f904a4ef45898ab1680c8b22b8159b875005d727e0aae8263dedc7,dropper archive
sha256,c7702c61575614e92e9f01871f6f14f50d913e8cb8aa4d33757a13c3206ce169,dropper archive
sha256,04bd4894037a75122c04304081eeef27da04dc80736bc28c0e43a32a6c77f8d7,dropper archive
sha256,eebd063761c8aa2d061d798d30bb26c5dd2fc450c9e8a85c6f77bd805dd9b02b,dropper archive
sha256,ca00f4d9227f70970efd8a691e725b6b8b0e269e46712d5c730386bde108a156,dropper archive
sha256,e3a239efaf784125ba1df50b0d611b674eae686500fee6a049f709e5116f9dd5,dropper archive
sha256,b09108328ef57656a8e716d2b1e4cf6bf9e602d948d54fef7fe3df5230af165f,dropper archive
sha256,fb165d376e332624361379577899c97b27e943d20ee51aaf4e812d1ceacc3e4e,dropper archive
sha256,c41ed4ee0405f52ed668ec3c60b44ffbc97e169e4e192c846ff6bbaed429808e,dropper archive
sha256,11fea2be702fd6ef69006f4f1b7da859539664fad78b34ba689a363662e15456,dropper archive
sha256,16c75dd181ba1dc2994f4c638ab5fce525ecc1fb832a6afa7fb7756d9900d4ab,dropper archive
sha256,dd434a377a1b19354e3df4ac27483fcbb5a0528d6e30e510fe5ba658544af935,dropper archive
sha256,33b1ba2d0c37efcacbeba357ed9fa175ddebdcb6ed074aea4a1f43570ec3f49f,dropper archive
sha256,b1e07bbda2363a40a5cd14e84a538172d198742bffbf9813a0d001c98127a69a,dropper archive
sha256,78492ac27bfed827a46c6de73ed9ebce4b5b0fc176e757d5f6d0b5e262e38eb6,dropper archive
sha256,7e1d4256a97d358034d86db7ad1ee4293a620ff984bd5df6e8340bda43b52aab,dropper archive
sha256,fd96ea0911175874e8872406c34271491c37303464fae4c4bd59f3692c70e93a,dropper archive
sha256,3569e13f268dc15cc5ffbcaa6f3bc792856f5a2b2eeeb7d52d7ff3acd44df44b,dropper archive
sha256,5c3ac8757765585f6862f219cc5ed6d7604e82c7347518c6f163bbdcdb458d3d,dropper archive
sha256,2361c67bd9288d1ce0908b2cfda43f0c280aaaf1bc66e213b5c4be4a5e329e6e,dropper archive
sha256,32ac9b147b3d726a9f27d5992271396ee36aed0f36065c685371670c455529cc,dropper archive
sha256,094695f5e4089598fd48ec424657355400afea8258887db06a96ed3651c538cb,dropper archive
sha256,6f096dc30f37132bcb9d5f243b7d5fee4954fe53394c644b535afa3f60f483f8,dropper archive
sha256,5fb0dac83c4bbf8630eb6ca0a14fc24d09e285bbfe8bbc756b7ddfcf7a62a491,dropper archive
sha256,a79628d07888b5dbcf3a4dec86cad2dfbc92649a2f07d77cd6c1cd985d541a1b,dropper archive
sha256,c9efc070f0e24476d27785c293fc273fbfdb57aeae13ac18c9fdaaf640e2388e,dropper archive
sha256,ed37950c5120b2206e28bf943787c02d2665a70573e3a8d703cd7c7275a6381c,dropper archive
sha256,13e31ef7bd63e1eb057bce4aafabec7d3af3bece2324b08ec8165c2222b3d810,dropper archive
sha256,32ce15d5b0fa6082172124c6bcde51495185284a2e65dcc5c9920c2f79a20ded,dropper archive
sha256,b69a201ffe70df81689d997e625bc49df1db5c873b0917859ac7d8c209210a0f,dropper archive
sha256,2b135257d745feaceabaf00d6b31767f0c3272e5011c6193a778a6a6b5f77bf5,dropper archive
sha256,d1ee330b0f6a9bc4651c5ce4f028e3d556b8d8ba06c8cdcb7411f3bdee2b39e7,dropper archive
sha256,1c03f32a095dec226004b39eb140273f278618ff8d21383125e5cb781771e33b,dropper archive
sha256,430cd9c1af34c4e84583abfa58ec1638adc37d37f77944d9007c551f7a0f3763,dropper archive
sha256,ba979a9c04ba578a7f5e2c0a70e680aa493377e5cfcf32099e8a0ed01ccf0d8d,dropper archive
sha256,db2ccd40d901b8414248cae8c005e28256361cc2e151952503b3a250b1c18df9,dropper archive
sha256,3a656b3fb89df5b76f2595efda6013709d4bb26b062d9deaa09341e7a2d94314,dropper archive
sha256,e1d78ac55f8857a49482a4a7bad06a1d19f3fbbd2cf1b69e2c51e175de0b80fe,dropper archive
sha256,7728208f83e3ee562f6a764fd43baada699cbf606db24f75f6d52e15e8580685,dropper archive
sha256,900f53a65389c46c6ca68669db4d4e5443fc129bec6961771db52853bc4732a1,dropper archive
sha256,0bf437d9019c84b81e0c8814030f012a30c74c01724f78ace8d90b927770fa0d,dropper archive
sha256,a9df98617ae4b9dd6e4fb6c0a0e526da56480f77ff2c3936d2e4e66ccc80f90b,dropper archive
sha256,4625ce2df720d99ec45d664580965c32b742ce1850ead6e1edfb42808b7711bc,dropper archive
sha256,936b12acb90f59dac152971f1c4cc2f22e5f8796d9aec4017ade999f10450bb6,dropper archive
sha256,e52f86a234d164924ce6b74ab15448276af11eed45dbea25575ce84eb93f5c57,dropper archive
sha256,db12954e8980b5b74d99cdba4ff9cb5f10d67d445c3cc38ac984f93578034bb8,dropper archive
sha256,73a98cf7ed02864917209ebe63bca83392a1bbebe16babe486b757b6d0036a95,dropper archive
sha256,bb01bff40a3b892667b639548ef3310671963ef5e925ab0e8319bfe570fbd542,dropper archive
sha256,4e11322c6a44bb79f38dfbac4b2eb7467a5ea86d804539b0b9ee71fd3835855e,dropper archive
sha256,5a3c357cc1da1c9ff7023802e5d6ba0f8b6fcc7e834293d9d22b9550d672afd6,dropper archive
sha256,5b0cbb4aaf78cb933b9678ff9be34aa6b434d4d97fe991d997cbf3052785c8ee,dropper archive
sha256,6d8d5f662ef267ce5eb130d5c78e611424f3cfa7c44a8b3cd15c6edd75ab8ca6,dropper archive
sha256,46993287a80725ba83c83661e5e1d3cc7e7a5eb23d6e0535c69dad94349b8630,dropper archive
sha256,3ecc302293f268f2fc1d4a3e406ece0598e30521129e73e51b57d2edc0903963,dropper archive
sha256,e7d1c8cbc910ebdb41512873d568bd6c37e9dd9951e59b9df7ba5350f48c05b3,dropper archive
sha256,40a63b6239ff04d7f99361e87c4f585c969ecb8af3bf7520788ef181469c75c0,dropper archive
sha256,2a125d4b9e445e9eeae611289ab73ef882142a327a0a92cf4459384c01e298c5,dropper archive
sha256,3d605eb1b0fca342b67fc6222032dc019bcc1055d0989caa72eff3b0ecce02fe,dropper archive
sha256,df2b710bc031bdcd5e7f04d93027fd98fb08871395ea1774b9bf890b5eb97346,dropper archive
sha256,3185c9f06a9bb94ada2ab3d2b140f71362d0adb9998990cf392edb91c436e3b0,dropper archive
sha256,5d839cfc33851978884ebdd276aedf8b4d7a8289d67d78bdf5e2e25453e74ad3,dropper archive
sha256,e45ef428a37a955c66b459c0aa50837491b63724f65326cd145e8d2391663949,dropper archive
sha256,6b06566a896f6c6eaa746d854b894c08b224f69eeeaf2b9293b4cc74b15c1b93,dropper archive
sha256,60a0f06337e365d7df0513a78b82b774a5da61d95f17b61626b4afdad1e0bb07,dropper archive
sha256,562d4b5e441dc4e65e6294e8128d07a32611974670d198ba99415d017827d85e,dropper archive
sha256,bb91982a8c382ec1ca08fdbb7dea52133d862c5d14bb4592e6795fc6a800b77a,dropper archive
sha256,e162495222b08e4e66b178f1388103ec2aa116364d6e85d8d19d032b02ba97f9,dropper archive
sha256,da1c6615175073fc67a08b3c07305ecbe8759d5fdbeac737582e5b62231b376f,dropper archive
sha256,e3892f8ceaef5e9501ea17171bcd318e14fa4f40aee276049c00efd8d4f8df0c,dropper archive
sha256,0b6dbbc66fbfed5307ea7d9fa982408515ff387ac5d42b5e8a35668dcade8c2b,dropper archive
sha256,5a848ac9eeeb4258c47aecfbb497f4840a13430cc8658e0047993f4cbbb2e565,dropper archive
sha256,20bde2e0d4510dda843296a57c8ca64c2d6139d1dbf70fb5da2664c0b5473659,dropper archive
sha256,ba271afd5b2947069f76a769e39c6e092ddcdd3635051c44d85696d812fca654,dropper archive
sha256,7a580d8d1ebb19c8bd3686fa987624e2d1ae26613fec18c2623e8dc54e7c895d,dropper archive
sha256,9de75fe871bf79e5865794ba0c40ae94de261d74d2ce386e0d461607394c3326,dropper archive
sha256,b60e74b373d9917e306fdc4a38430a9a2913a4681bc06f11b9a10a791e71aded,dropper archive
sha256,a77f135b42b8a27ff2e8c3bfe6819340eb432193469b4da3d9c6d88b4a1b1c91,dropper archive
sha256,acc881e8ab5be21c443d51a3d2e810c803a46c05bd3b5ef509532e63ef7d7f8f,dropper archive
sha256,99042fc4ece42192523feb03b82b6e9fe5d32d6a0333eca9169bcc4024ec844e,dropper archive
sha256,fe4701e085c44f28a5e792b02f178072601365f4a9f3836c26d48b01281fefd4,dropper archive
sha256,93c2dd22932545c3dc296a1a9f42a3c5e962f8204de9d29542ced4e0b943a51a,dropper archive
sha256,690c0e0e332b61fa6a8b2e62185a2e16e0fcf7f79110580cba7e97ce4c1d6b9b,dropper archive
sha256,b3a23ab05a3b9eae18aba96ec9c1737bd02dcae1a4e9a5584ae2f157d893c141,dropper archive
sha256,d14429545f3fca415ea411cdb3e99f27e98f9a81839c2b58da03dd483de62390,dropper archive
sha256,8f7525955261b6b8a6c8e11ce2da0dcd7d202492fa29a77acc578dc51d22a5e1,dropper archive
sha256,364ee642dc78e29c84bad483d13046a643115c7e73f6954b7602cf0356f851f0,dropper archive
sha256,8142247017a60eb93485d261aa7ad06d847b2f4a9211ea052545edc6c6757a59,dropper archive
sha256,2e8a1156d4b7684e1df7c4d1577e8e5e266066e29719b26b2e42fcd342c9407b,dropper archive
sha256,d0cbf78dca1e1e27a4c6fd6d3ee50b7e4bc23529c41cbb97590a105af4099693,dropper archive
sha256,734de0f9c740936846d039d1f6b5310814038c46e9019227e8db4b47fa654912,dropper archive
sha256,9eaa761df9688e0b6e435e1cb9a8dac83ca0a4b261a7728e6992f81d66f6e2b9,dropper archive
sha256,54073f7a89fcfc5586875a9d14047d35d47ce393d3b19a5bc93d8bfc9f5016a4,dropper archive
sha256,9b34fbeca37e4bb23c9402b832cec538764d97f56f350c269b46180794a49ba6,dropper archive
sha256,eaf4aedb5200d2c5fa224b3d02c502cdf661591e93acc3a8d20b3481615c222e,dropper archive
sha256,5e9e1e987b41d7a4c741caa7e5bc1b15d4dd67cf267a462f6d7d3774c87aa1b4,dropper archive
sha256,a97d66c5e2c7f928a0b042f53d86689957d315a01ff3b58f0132e9e4f599c35d,dropper archive
sha256,94249029cc57165f236f3b17c36699f0680fb0ce533eeda9e3db36562edae7d1,dropper archive
sha256,93abc093ed9510e8d7ec3ee178bc5face734da72b58bb128566f2c7c4168651d,dropper archive
sha256,810e8850b06c9c5632d3e6e2282cd87e3d6b1ee703ed88fbe63f994f82d722bd,dropper archive
sha256,e3086a02249c56bdc6d1d1d94077868062067786ff061e8695b0a8ad8c8208f2,dropper archive
sha256,81744349b4b5aed57e8190011bd7b704b24751254c25cf1073f638b5438c3712,dropper archive
sha256,177539ced32786ed7e89ec43fc6eaa67a8daf58c1f63418ce35ec9c18c363190,dropper archive
sha256,e8c3384d7638d40a5af47362a8c57997c7f8031e5e5e7300d02140eaadc0b2d4,dropper archive
sha256,dfc8c3cda7a11f27c987089e2490e9e60f7af0ce7ece4380f791c4546b5a4d0d,dropper archive
sha256,2793d111401f054a86b19cfbb1e76a2c9f1c413362585b243bf9ffa73053d904,dropper archive
sha256,3acc1c7e5e323f69981117786f1a62db55772c2e8593dfc1c1a4a651fa09b063,dropper archive
sha256,346e48cdf4a25481017dc3c3f59acfdb69f66cf330183b43079c5c6f8b0369a3,dropper archive
sha256,bd278adc2cf77f3c66ad3ee539c7f3ff558a0d0eabb0d6919dd1ce84b7fa54b4,dropper archive
sha256,8cb6575dd3be314716e16939745af4e5c7a4beda0ca9957abae3c515119084fa,dropper archive
sha256,fb94e4047ca24a20131d6b2ad3759ed68a088b67f64a1b7eb85d21ab5e2a8fca,dropper archive
sha256,7b0680acfca70ef472b605bf9ceb85b3d8c0c3a7311b91d5752091d7f1f6a67a,dropper archive
sha256,bd03712bc141c570196da87f2fd9e02f196f536a7fbe2c5c98ff386041e215e8,dropper archive
sha256,8c12fd43c30d5cfdf7f3dae1b49aaa55467dffb4f21d4ffdf6df10c795291431,dropper archive
sha256,c7745b9b941894400387d52f410b9884c13a4518ed35671628d639b15b9573f1,dropper archive
sha256,7f0e40dffa1b958404fabf4d7eda8235bb3c44a017b9d8c89944d37c4727d63b,dropper archive
sha256,58c9059fabe6002585da1d910272c8ab0a77e964c866c0aaac7f9de45febfdee,dropper archive
sha256,6ae71f411a3473b25487631c60ba47d5d85d21780f51faf6a519d24f1006b4f6,dropper archive
sha256,aaf00c802950dc85e5cfb0f186e7469ade7bc0e9a30b6ea98510b8d5770046ba,dropper archive
sha256,72f416a6e275a9f0a12afbf5c2ea359d63dcb7bd44eb386591bc33cdee5dc3dd,dropper archive
sha256,ae6289be4429bab43316898c5f0f6ebb95868473ee7d4fe3682de659f3f563f2,dropper archive
sha256,d2bda6d69580ecdd3b01ce5921f97cd6089ed230687f1e9472ea91fa9051727a,dropper archive
sha256,79685be4615878b63a7169c7de7668e861abfa9662b947b2b1088fdc22180e47,dropper archive
sha256,747eb6e4174524be23a8c6db516d19b33e57f1421052eecb0ac7690a0e719ca4,dropper archive
sha256,52e5e0044d76b51630b93f95a7bd21f1fe4516c61902668069603ed1da11ece5,dropper archive
sha256,81b1b3368d0b603685d1a0b9959851c872d9e9ce97244cbdd8c4f19e583cd116,dropper archive
sha256,7cc11e0f486223a66160ade082278f9cc05eaec6bd10fe2cdfc6a11ff3e0a379,dropper archive
sha256,b64b06562ad9eee7bdfc654737ced7971db649695ed98b8b9bfd3c005498fc80,dropper archive
sha256,77c6dcd5621fc779228b2e36952c4e16c3a6e107bd1e744f9d9b4b75bc19fe35,dropper archive
sha256,b7056e702c7059df47fe991ee98d0c30c3fd166a627691a2913be6909a802bc6,dropper archive
sha256,c66a17f167818eae1bf0979b6c117c1fabc27c7a2f7cacff5f53676c6da71dd0,dropper archive
sha256,ae232c9a0ced95aa88f38d1d122e13cf3c1baf40844d288cd273561c0a306d32,dropper archive
sha256,b5a36e4ed138d49d9b044ef86a07ff114faadc3b45568832c4e5e924516062c6,dropper archive
sha256,e8f96c4999d670877a960e38b7be0dddca740c0048b8c08e9cd53d2fa5b92b9e,dropper archive
sha256,13cb3744202854baf50480a1ee6b6cd6cfd0125160f5dc6d0271de0affb1507f,dropper archive
sha256,3f60d31ee4352a67aa110527d07a0e32405e440f0c657e55f9b16fd130bce6a2,dropper archive
sha256,91b5c9acbac864d1e2d6ebd4bbee64ecf7a4f095ef86973987a933debdc0a23a,dropper archive
sha256,6f85932c907d6c92a508b9bd216d2665c1eb2ffd3b2a6f30f45d44bfdeccc46c,dropper archive
sha256,dbf1915cc237a50971ee7ea5e8fb8698fc53cf681c66387d5cc7bae76dec03fc,dropper archive
sha256,9ce683ff72f859f23257cf92aed6e7c7108b11674f1d7bd28dca6ba2534de532,dropper archive
sha256,c42e10a6abb1b7994ed36f6e368d6a7b208e8514724d956e0302d2743847c697,dropper archive
sha256,ad12f4e5b47d0d403c93d3639be956f97fe9ee4eaab678931d9bb0bb6bf544b7,dropper archive
sha256,71b8a912f2e6398d8915123f33ff7ec45c4fc73532c89ce22bfc4f211e528808,dropper archive
sha256,25a97f1d943289e3b8a9b4c5e5727947ec0062f0e084b4717c259a6c55e41982,dropper archive
sha256,019ab1efd7e46abdf02dc5484ecf950f2899f58d9a73bd245c3a6740dde45b5c,dropper archive
sha256,990759f69aebd4edf82d16618c7e63c499695da3589fde2f8c8ad47841ab07f9,dropper archive
sha256,c1affdb7e60e93330c7d9a28f8b8cea37bb3cda6373ba822838a7531ad75f136,dropper archive
sha256,bd61c70aee6dec5d1307f9ab36343b6d68514803cf367a4f9c69cfcfda200e3f,dropper archive
sha256,b2dac87d7152a900b7b6ac065d50ebc668968effef6f8d8bcdb2f9152a852dcb,dropper archive
sha256,ab84fe7b77d0a886f02f9694a41b8c5ff9710ade78dcd20c12e3c7a86c63660a,dropper archive
sha256,5c6bb8801f8e1bb9115cb9f2601dd4e9e98e633fbc1eef97674bb7f4793c2b64,dropper archive
sha256,eb074349751ad1a52c6692c6ce046b5bfd214f1efe8ffa08e1c7ee927a166cfe,dropper archive
sha256,0c3a181b719ed43b7206c95315088bcd952fc0d27340e4d281c83bb48412ff71,dropper archive
sha256,5994ab6b28062dc361dacee12e8d5cce519ad66e70a6889b449dbacc65d7c21b,dropper archive
sha256,d1feea2e8742d2c787e3f10c0661ced2e830519c75e7d0ded78c3349baa53e64,dropper archive
sha256,3bef4d8d1399acd1dd563b851db1dda2d36e033164bba57652b6a670607a8ea8,dropper archive
sha256,704ded2bf0ddfe19dd5d3f8df3885124c75a2df63c7cc753be4c5912702d55c9,dropper archive
sha256,e18abf51ada2f00851c007cb41c1e5eec4515356d9c3ac5c7b7ad1b9fb1648ea,dropper archive
sha256,45b017321b2f27ed42acbebf86d5d5ede67917f24c51c949292896bb5dcb034a,dropper archive
sha256,9c4c65fddfa87f6ed14adb6a3052816e5f1bde15f2b4662e1c1191d1098fdb99,dropper archive
sha256,e0b56f1770899a5a306d53fc5a824a640d09e2d0eee8a6728bc682ee88147d7f,dropper archive
sha256,b588071e395e0da744ab5844c9f20c83ccfa6c906b9829104d05860797ecb47c,dropper archive
sha256,bce9d03d6abf342edf9a9532ee01848c419b127d901bc5b49b23042f0ab8a7d6,dropper archive
sha256,5419fc93d9f030fee733cc49817fb2cf400809b514461c2953ef78cdd8dacfed,dropper archive
sha256,78cab964decb15ecffba542255198b70c87e63ece5bd9f85895034883dc6a909,dropper archive
sha256,ea3757f4549eb48182d73a4e553399e061dd6d57160b8c721da7aeaaa79ae011,dropper archive
sha256,302da78626ef0abec49ca04b4e34e5f4f97811cb45c746518c8c55319ef1899a,dropper archive
sha256,a5e833af880ad431499294cc4c642bc7707094c0987476fc390da63923131780,dropper archive
sha256,ec272c7ceef2bd5b37bc83887526fe73d7529499367e0d69e444ed567b1d0d0e,dropper archive
sha256,f620efba9dc83a5e6db3be93f8c95e219708a64e8c6f12c347ab0096af27ca89,dropper archive
sha256,924c629ddf5b7aa73729dc1a55ba3fae99a1fd4f9c685849628c0e474d06249d,dropper archive
sha256,9acc11a6b3c33b46ddb82d24cf3c00c5b6dbdc541ec38f64e0b5415631f427c2,dropper archive
sha256,d4b60d8e97b434c5e199ead2b36aeb4092ae5a91d344dc1b8a0af301ebe86291,dropper archive
sha256,ce32ac6bc5ea94bbbd1a614d2ac054559e82cc4bcfd464cca940fa4c94766ca2,dropper archive
sha256,230af8e2ec0a70d3085403662dd0b2196db58b58935eac958fd3f5bea7c8d339,dropper archive
sha256,ccc5bb0c5fa2893da5621f847f565e5396bcd2f45c53cc133f29b4c5e399f683,dropper archive
sha256,15861fa59c52685a800271994598eb0d72eab7638ead87a67baff335c705c999,dropper archive
